"sound.files","selec","duration","meanfreq","sd","freq.median","freq.Q25","freq.Q75","freq.IQR","time.median","time.Q25","time.Q75","time.IQR","peakt","skew","kurt","sp.ent","time.ent","entropy","sfm","meandom","mindom","maxdom","dfrange","modindx","startdom","enddom","dfslope","meanpeakf"
"example_A-2.wav",318,0.0071600005966701,65.2033275449086,11.5246102472429,70.6145251396648,60.1396648044693,71.8715083798883,11.731843575419,0.002864,0.001432,0.005728,0.004296,0.002864,4.44473471008607,23.931999264126,0.86153708979561,0.754082820016524,0.649670318221903,0.530944924462397,NA,NA,NA,NA,NA,NA,NA,NA,71.2890625
